{
  "staedte": [
    {
      "jahr": 1237,
      "stadt": "Berlin",
      "link": "http://de.wikipedia.org/wiki/Berlin",
      "bild": "assets/images/berlin.png"
    },
    {
      "jahr": 1624,
      "stadt": "New York",
      "link": "http://de.wikipedia.org/wiki/New_York_City",
      "bild": "assets/images/newyork.png"
    },
    {
      "jahr": 1252,
      "stadt": "Stockholm",
      "link": "http://de.wikipedia.org/wiki/Stockholm",
      "bild": "assets/images/stockholm.png"
    },
    {
      "jahr": 1827,
      "stadt": "Bremerhaven",
      "link": "http://de.wikipedia.org/wiki/Bremerhaven",
      "bild": "assets/images/bremerhaven.png"
    },
    {
      "jahr": 150,
      "stadt": "Bremen",
      "link": "http://de.wikipedia.org/wiki/Bremen",
      "bild": "assets/images/bremen.png"
    },
    {
      "jahr": 1202,
      "stadt": "Bernau",
      "link": "http://de.wikipedia.org/wiki/Bernau_bei_Berlin",
      "bild": "assets/images/bernau.png"
    },
    {
      "jahr": 929,
      "stadt": "Brandenburg",
      "link": "http://de.wikipedia.org/wiki/Brandenburg_an_der_Havel",
      "bild": "assets/images/brandenburg.png"
    },
    {
      "jahr": 805,
      "stadt": "Magdeburg",
      "link": "http://de.wikipedia.org/wiki/Magdeburg",
      "bild": "assets/images/magdeburg.png"
    },
    {
      "jahr": 1222,
      "stadt": "Marburg",
      "link": "http://de.wikipedia.org/wiki/Marburg",
      "bild": "assets/images/marburg.png"
    },
    {
      "jahr": 766,
      "stadt": "Mannheim",
      "link": "http://de.wikipedia.org/wiki/Mannheim",
      "bild": "assets/images/mannheim.png"
    },
    {
      "jahr": 782,
      "stadt": "Mainz",
      "link": "http://de.wikipedia.org/wiki/Mainz",
      "bild": "assets/images/mainz.png"
    }
  ]
}